ITEM1_DESC,DEPT_SUBCATG_DESC,OLD_NBR,WHPK_QTY,BASE_UNIT_RETAIL_AMT,UNIT_COST_AMT,SHELF_CAP,TOT_FACE_QTY,ITEM_LENGTH_QTY,ITEM_HEIGHT_QTY,ITEM_WIDTH_QTY,WEEKLY_SALES_1_QTY,WEEKLY_SALES_2_QTY,WEEKLY_SALES_3_QTY,WEEKLY_SALES_4_QTY,WEEKLY_SALES_5_QTY,REPLEN_CHANNEL
CHOCOLATE CHEX 21OZ,BOXED CEREAL,568306986,8,3.98,3.32,10,1,2.25,12.6,9.4,10,14,7,0,0,DC
NILLA WAFER BANA 19,BOXED CEREAL,568301014,10,3.98,3.26,12,2,3.75,12.09,7.69,0,18,33,32,51,DC
TRIX 18.4 OZ,BOXED CEREAL,566823236,8,3.64,3.32,14,2,3.1,12.9,7.65,28,29,25,27,26,DC
GV STRAW AWAKE 11.2,BOXED CEREAL,556629975,7,2.48,2.05,14,1,1.875,10.5,7.5,15,7,11,5,10,DC
GV CRISP RICE 24OZ,BOXED CEREAL,556967859,5,2.86,1.734,8,1,2.75,13.25,9.5,14,15,3,3,7,DC
SPK COCNT ALMN 18.5,BOXED CEREAL,567084840,6,3.88,3.16,11,1,2,11.75,7.77,25,22,17,22,28,DC
LUCKY CHARM CUP 1.7,BOXED CEREAL,552582147,12,1,0.75,18,1,4.06,3.48,4.06,18,13,16,16,23,DC
GV RAISIN BRAN 23.5,BOXED CEREAL,556967870,5,2.92,1.742,8,1,2.625,11.687,7.625,6,6,7,7,6,DC
GV BRAN FLAKE 15.6,BOXED CEREAL,556967869,5,2.93,1.182,8,1,2.625,11.687,7.625,13,21,20,24,15,DC
ANNIE FROST OAT 10.8,BOXED CEREAL,555500553,10,3.28,2.57,11,1,1.84,10.2,7.65,2,2,4,2,6,Assembly
RICE KRISPIES 12 OZ,BOXED CEREAL,550559896,14,2.88,2.52,16,2,2.53,11.75,7.77,27,22,29,29,28,DC
ANGEL KRUNCH 3 CHOCO,BOXED CEREAL,568423471,8,2,1.48,0,0,6.42,9.65,1.81,0,0,0,0,0,Assembly
FROOT LOOP TWIN 38OZ,BOXED CEREAL,568050117,3,7,5.67,7,1,3.167,13.5,15.54,33,28,12,16,29,DC
COCOAPUFF BANDED 41,BOXED CEREAL,565709117,6,7,5.96,7,1,3.1,12.9,15.4,28,16,8,12,17,DC
NP HERITAGE ECO 22OZ,BOXED CEREAL,9280759,6,6.74,4.88,13,1,3.5,10.5,8,4,2,5,6,4,Assembly
LIFE CINNAMON 18 OZ,BOXED CEREAL,9203871,14,3,2.45,22,2,2.49,10.5,7.5,12,18,26,19,20,DC
HBO ALMOND 23OZ,BOXED CEREAL,565799754,10,3.98,3.23,18,2,2.41,13.31,7.69,67,98,102,131,102,DC
F1 HNY CLST 14.25 OZ,BOXED CEREAL,566823226,6,3.74,3.4,12,1,2,10.18,7.65,0,0,0,0,0,Assembly
BN VAN ALM FIT,BOXED CEREAL,565618706,5,3.78,2.95,10,1,2.5,9.5,6.5,15,11,16,8,8,DC
CF CINN RAISIN 15.6,BOXED CEREAL,551354147,6,3.28,2.52,12,1,2,9.43,6.25,12,14,15,2,13,Assembly
GM FS CHEERIOS 18 OZ,BOXED CEREAL,568919318,6,3.64,2.98,60,6,2.92,12.81,9.5,90,83,126,53,56,DC
KRAVE CHOC 19.9 OZ,BOXED CEREAL,566087552,10,3.64,3.09,16,2,2.438,13.5,7.77,62,66,42,48,41,DC
