﻿ITEM1_DESC,DEPT_SUBCATG_DESC,OLD_NBR,WHPK_QTY,BASE_UNIT_RETAIL_AMT,UNIT_COST_AMT,SHELF_CAP,TOT_FACE_QTY,ITEM_LENGTH_QTY,ITEM_HEIGHT_QTY,ITEM_WIDTH_QTY,WEEKLY_SALES_1_QTY,WEEKLY_SALES_2_QTY,WEEKLY_SALES_3_QTY,WEEKLY_SALES_4_QTY,WEEKLY_SALES_5_QTY,REPLEN_CHANNEL
CHOCOLATE CHEX 21OZ,BOXED CEREAL,568306986,8,3.98,3.32,10,1,2.25,12.6,9.4,10,14,7,0,0,DC
NILLA WAFER BANA 19,BOXED CEREAL,568301014,10,3.98,3.26,12,2,3.75,12.09,7.69,0,18,33,32,51,DC
TRIX 18.4 OZ,BOXED CEREAL,566823236,8,3.64,3.32,14,2,3.1,12.9,7.65,28,29,25,27,26,DC
GV STRAW AWAKE 11.2,BOXED CEREAL,556629975,7,2.48,2.05,14,1,1.875,10.5,7.5,15,7,11,5,10,DC
GV CRISP RICE 24OZ,BOXED CEREAL,556967859,5,2.86,1.734,8,1,2.75,13.25,9.5,14,15,3,3,7,DC
SPK COCNT ALMN 18.5,BOXED CEREAL,567084840,6,3.88,3.16,11,1,2,11.75,7.77,25,22,17,22,28,DC
LUCKY CHARM CUP 1.7,BOXED CEREAL,552582147,12,1,0.75,18,1,4.06,3.48,4.06,18,13,16,16,23,DC
GV RAISIN BRAN 23.5,BOXED CEREAL,556967870,5,2.92,1.742,8,1,2.625,11.687,7.625,6,6,7,7,6,DC
GV BRAN FLAKE 15.6,BOXED CEREAL,556967869,5,2.93,1.182,8,1,2.625,11.687,7.625,13,21,20,24,15,DC
ANNIE FROST OAT 10.8,BOXED CEREAL,555500553,10,3.28,2.57,11,1,1.84,10.2,7.65,2,2,4,2,6,Assembly
RICE KRISPIES 12 OZ,BOXED CEREAL,550559896,14,2.88,2.52,16,2,2.53,11.75,7.77,27,22,29,29,28,DC
ANGEL KRUNCH 3 CHOCO,BOXED CEREAL,568423471,8,2,1.48,0,0,6.42,9.65,1.81,0,0,0,0,0,Assembly
FROOT LOOP TWIN 38OZ,BOXED CEREAL,568050117,3,7,5.67,7,1,3.167,13.5,15.54,33,28,12,16,29,DC
COCOAPUFF BANDED 41,BOXED CEREAL,565709117,6,7,5.96,7,1,3.1,12.9,15.4,28,16,8,12,17,DC
NP HERITAGE ECO 22OZ,BOXED CEREAL,9280759,6,6.74,4.88,13,1,3.5,10.5,8,4,2,5,6,4,Assembly
LIFE CINNAMON 18 OZ,BOXED CEREAL,9203871,14,3,2.45,22,2,2.49,10.5,7.5,12,18,26,19,20,DC
HBO ALMOND 23OZ,BOXED CEREAL,565799754,10,3.98,3.23,18,2,2.41,13.31,7.69,67,98,102,131,102,DC
F1 HNY CLST 14.25 OZ,BOXED CEREAL,566823226,6,3.74,3.4,12,1,2,10.18,7.65,0,0,0,0,0,Assembly
BN VAN ALM FIT,BOXED CEREAL,565618706,5,3.78,2.95,10,1,2.5,9.5,6.5,15,11,16,8,8,DC
CF CINN RAISIN 15.6,BOXED CEREAL,551354147,6,3.28,2.52,12,1,2,9.43,6.25,12,14,15,2,13,Assembly
GM FS CHEERIOS 18 OZ,BOXED CEREAL,568919318,6,3.64,2.98,60,6,2.92,12.81,9.5,90,83,126,53,56,DC
KRAVE CHOC 19.9 OZ,BOXED CEREAL,566087552,10,3.64,3.09,16,2,2.438,13.5,7.77,62,66,42,48,41,DC
APP CIN CHR 20.1OZ,BOXED CEREAL,567890516,12,3.64,3.12,18,2,2.5,12.5,9.4,14,14,17,19,32,DC
PUMPKN SPICE CHR 19,BOXED CEREAL,569842231,12,3.64,3.12,16,2,2.5,12.55,9.4,20,17,25,21,22,DC
CTC CRNCH BANDED 38,BOXED CEREAL,567890504,4,7,5.96,10,1,2.25,12.6,18.8,44,38,33,32,41,DC
FRST MIN WHEAT TWN48,BOXED CEREAL,565546418,4,7,5.67,8,1,2.593,11.75,15.54,11,6,4,3,7,DC
CHEX WHEAT 14OZ,BOXED CEREAL,566823238,5,3.18,2.78,12,1,2.12,9.43,6.31,4,5,0,2,5,DC
CHEX CORN 18OZ,BOXED CEREAL,552407432,12,3.98,3.32,16,2,2.5,12.85,9.5,9,17,9,15,16,DC
CHEX RICE 18OZ,BOXED CEREAL,552407430,8,3.98,3.32,16,2,2.75,12.85,9.5,24,20,29,18,15,DC
LCKY CHRMS BANDED 38,BOXED CEREAL,567890506,4,7,5.96,9,1,2.5,12.55,18.8,20,16,20,22,17,DC
KIX 18OZ,BOXED CEREAL,550051312,10,3.6,2.85,14,2,2.92,12.81,9.5,28,26,30,34,29,DC
FS FROST FLAKE CUP,BOXED CEREAL,552069744,12,1,0.77,20,1,4.06,3.305,4.06,46,47,46,46,55,DC
SPK CHOCO DLGHT 18.5,BOXED CEREAL,554750730,8,3.88,3.16,10,1,2.25,12.5,7.77,23,31,28,26,33,DC
HNC BANDED 39OZ,BOXED CEREAL,567890505,4,7,5.96,9,1,2.5,12.55,18.8,20,23,17,25,22,DC
MW FROSTED 18OZ,BOXED CEREAL,9295869,16,2.88,2.58,22,2,2.25,10.85,7.77,35,29,30,17,20,DC
DIPN DT COOKI CRM 18,BOXED CEREAL,568378227,12,3.64,3.32,18,2,2.5,12.55,9.4,42,35,35,60,33,DC
REESES PUFF 20.7OZ,BOXED CEREAL,567890512,12,3.64,2.98,18,2,2.5,12.55,9.4,39,30,39,39,33,DC
GV HONEY NUT O 21.6,BOXED CEREAL,556967862,5,2.93,1.828,8,1,2.625,12.75,9.5,5,5,5,9,5,DC
PEBBLES FRUITY 23OZ,BOXED CEREAL,555517895,12,3.98,3.25,27,3,2.5,13.25,9,44,54,56,33,77,DC
RICE KRISPIES 24OZ,BOXED CEREAL,9203185,14,3.64,2.98,18,3,3.31,13.5,9.562,26,33,38,27,21,DC
APPLE JACKS 19.4OZ,BOXED CEREAL,565546422,12,3.64,3.01,14,2,3.104,13.5,7.77,66,47,25,34,43,DC
FMW BLMFN 21OZ.X6,BOXED CEREAL,567084835,6,3.64,2.98,9,1,2.25,11.75,7.77,3,4,4,7,7,DC
SPK ORIGINAL 18OZ,BOXED CEREAL,9257630,12,3.88,3.16,21,3,3.177,13.5,7.77,58,65,48,51,62,DC
HN CHEERIO CUP 1.8OZ,BOXED CEREAL,552582148,12,1,0.75,18,1,4.06,3.48,4.06,23,29,19,28,34,DC
CINN TST CRN 19.3OZ,BOXED CEREAL,567890511,8,3.64,2.98,64,8,2.25,12.6,9.4,226,193,158,188,112,DC
HONEYCOMB 16,BOXED CEREAL,9288857,10,3.12,2.45,14,2,9.43,13.5,3.03,55,40,40,51,30,DC
BN FRUIT NUT 12,BOXED CEREAL,562737748,5,3.78,2.95,10,1,2.5,9.5,6.5,9,2,3,5,2,DC
CAP CRUNCH PB 17,BOXED CEREAL,9200746,10,2.98,2.45,16,2,2.67,12.75,8.06,30,28,25,24,31,DC
GV CORN SQUARE 12OZ,BOXED CEREAL,556629974,5,2.38,1.81,10,1,2.63,11.13,7.63,8,5,7,5,6,DC
OAT SQR BRN SUG 21OZ,BOXED CEREAL,551844268,14,3.98,3.26,22,2,2.49,10.5,7.5,18,17,20,24,21,DC
HBO GRANOLA 11.0,BOXED CEREAL,554809843,6,2.86,1.9,11,1,2,9.125,6.5,32,22,21,19,22,DC
CHOC PB CHR 20.3OZ,BOXED CEREAL,567890522,12,3.64,3.12,18,2,2.5,12.55,9.4,35,29,9,10,16,DC
HN CHEERIO 10.8 OZ,BOXED CEREAL,567890508,12,2.98,2.6,53,4,1.9,11.3,7.7,79,88,113,109,118,DC
RSN BRN STRW APP20.3,BOXED CEREAL,556572898,8,3.64,2.98,11,1,2.25,11.75,7.77,16,16,17,13,25,DC
SPK BLBRY LMN 18.8OZ,BOXED CEREAL,563424380,8,3.88,3.16,10,1,2.25,12.5,7.77,8,11,15,13,12,DC
TOTAL WHOLE GRN 16OZ,BOXED CEREAL,566823227,7,3.74,3.4,9,1,2.64,11.81,7.65,14,5,1,6,0,Assembly
FF PMKN SPCE 24 OZ,BOXED CEREAL,567900044,8,3.64,3.05,14,2,3.104,13.5,7.77,26,21,13,2,20,DC
COOKIE CRISP BDAY,BOXED CEREAL,565821102,8,3.64,3.26,16,2,3.09,12.8,7.65,5,0,0,0,0,Assembly
CHEERIO MULTIGN 9OZ,BOXED CEREAL,566823222,6,2.98,2.6,12,1,2,11.25,7.65,14,16,7,12,10,DC
CORN FLAKES 12OZ,BOXED CEREAL,9227946,14,2.58,2.2171,27,3,2.53,11.75,7.77,44,53,42,52,50,DC
CF OAT&HNY 16OZ,BOXED CEREAL,551354139,6,3.28,2.52,12,1,2,9.43,6.25,19,14,28,19,15,DC
SPK RED BRY 11.2OZ,BOXED CEREAL,551032629,14,2.88,2.53,32,2,1.75,10.85,7.77,17,15,22,15,19,DC
COCOA KRISPIES 22.2,BOXED CEREAL,568050120,6,3.64,3.09,18,2,2.438,13.5,7.77,39,39,26,18,18,DC
NV OAT N HNY GRAN,BOXED CEREAL,556452154,4,3.77,3.15,8,1,3,9.5,8,6,8,3,7,4,DC
LIFE ORIGINAL 18OZ,BOXED CEREAL,9203856,14,3,2.45,22,2,2.49,10.5,7.5,19,13,11,16,19,DC
BN HONEY ALM,BOXED CEREAL,562737753,5,3.78,2.95,10,1,2.5,9.5,6.5,3,3,8,5,2,DC
SHRED WHEAT BRAN 18,BOXED CEREAL,566815805,8,2.88,2,9,1,2.406,12.125,7.688,20,21,23,24,17,DC
CINN TST CRNCH CUP 2,BOXED CEREAL,552582146,12,1,0.75,19,1,4.06,3.48,4.06,26,17,7,11,10,Assembly
RICE KRISPIES 18OZ,BOXED CEREAL,9245287,12,3.38,2.79,14,2,3.25,12.906,7.875,27,32,60,58,42,DC
TRIX 10.7 OZ,BOXED CEREAL,566823235,6,2.98,2.45,13,1,2,11.25,7.65,20,21,17,4,15,Assembly
HONEY NUT CHEX 20OZ,BOXED CEREAL,568306987,8,3.98,3.32,10,1,2.25,12.6,9.4,12,12,6,6,16,DC
GV CINNA CRNCH 20.25,BOXED CEREAL,556967857,5,2.85,1.942,9,1,2.625,12.75,7.625,7,10,12,9,9,DC
VRY BRY CHR 19.5OZ,BOXED CEREAL,567890521,12,3.64,3.12,18,2,2.5,12.5,9.4,25,28,20,30,18,DC
SHRED WHT CHOC STRAW,BOXED CEREAL,568301026,8,2.88,2,11,1,2.41,10.75,7.5,3,2,4,2,6,DC
HONEY OHS 14OZ,BOXED CEREAL,565717512,8,2.98,2.44,10,1,2.31,11.13,7.53,7,9,17,18,18,DC
RAISN BRN CRNCH 24.8,BOXED CEREAL,550044590,14,3.64,2.98,16,2,2.53,12.5,7.77,42,39,27,38,17,DC
LUCK CHRM 10.5 OZ,BOXED CEREAL,567890515,12,2.98,2.45,28,2,1.9,11.3,7.7,51,34,61,46,54,DC
TST CRNCH APPLE CIN,BOXED CEREAL,563424377,7,3.64,3.32,8,1,2.64,12.81,7.65,6,2,5,0,7,Assembly
SHRED WHEAT STRAW 18,BOXED CEREAL,568301023,8,2.88,2,12,1,2.31,11.13,7.53,2,2,2,2,2,DC
GV HNY CRUNCH OAT 28,BOXED CEREAL,550520662,5,2.2,2.034,8,1,2.625,12.75,9.5,8,19,11,11,11,DC
BREAKFAST ASSORT 8PK,BOXED CEREAL,551379238,12,3.28,2.78,16,1,2.75,5.62,13.06,16,10,16,5,11,Assembly
GV O'S ORIGINAL 12,BOXED CEREAL,550520668,5,1.56,1.194,9,1,2.625,11.687,7.625,8,7,8,11,21,DC
HBO ALMOND 18,BOXED CEREAL,550335947,12,3.28,2.63,22,2,2,15.812,11.062,59,66,70,61,57,DC
GV GRANOLA HONEY22OZ,BOXED CEREAL,563747519,6,3.98,2.82,13,1,2.05,9.84,6.89,7,2,5,6,5,Assembly
MINI WHEAT ORIG 24,BOXED CEREAL,9295876,14,3.64,2.98,20,2,2.53,11.75,7.77,19,36,18,22,25,DC
TST CRNCH STRWBRY,BOXED CEREAL,563424379,7,3.64,3.32,8,1,2.64,12.81,7.65,10,9,1,7,9,Assembly
HNC CHEERIO 19.5OZ,BOXED CEREAL,567890518,12,3.64,2.98,72,12,2.5,12.5,9.4,274,254,309,255,274,DC
FROOT LOOPS 19.4,BOXED CEREAL,565546430,12,3.64,3.01,24,4,3.104,13.5,7.77,101,78,98,90,113,DC
FROSTED FLAKES 24 OZ,BOXED CEREAL,565546425,12,3.64,3.05,108,18,3.104,13.5,7.77,405,437,442,492,392,DC
FRM STRWBRY 21OZ,BOXED CEREAL,567084832,6,3.64,2.98,9,1,2.25,11.75,7.77,8,9,10,10,15,DC
LUCKY CHARMS 19.3OZ,BOXED CEREAL,567890507,12,3.64,2.98,36,6,2.5,12.5,9.4,149,148,122,128,134,DC
CORN FLAKES 18OZ,BOXED CEREAL,9256615,12,2.98,2.6525,21,3,3.177,13.5,7.77,72,60,64,82,88,DC
GV HONEY NUT O 12.25,BOXED CEREAL,550939669,6,1.56,1.29,12,1,2.187,11.125,7.625,9,16,9,16,16,DC
NV CIMN GRAN CRN 16,BOXED CEREAL,556452183,4,3.77,3.15,8,1,3,9,8,11,10,7,7,7,DC
NP FLAX PUMPKIN 11.5,BOXED CEREAL,9283750,12,2.98,2.38,26,2,2,2.75,6.25,9,7,12,11,9,DC
WHEATIES 15.6OZ,BOXED CEREAL,568306991,7,3.74,3.4,8,1,2.64,11.81,7.65,11,7,0,0,0,Assembly
CAP CRUNCH REG 20OZ,BOXED CEREAL,9203849,10,2.98,2.45,16,2,2.67,12.75,8.06,45,46,40,51,46,DC
OAT CRNCH CHR 26OZ,BOXED CEREAL,568306983,10,3.64,3.12,20,2,2.25,12.55,9.4,42,41,35,15,20,DC
FROSTD FLAKE CINN 24,BOXED CEREAL,565546428,12,3.64,3.05,14,2,3.104,13.5,7.77,28,18,14,28,23,DC
FIBER 1 ORIGINL 16.2,BOXED CEREAL,566823231,6,3.74,3.4,12,1,2,10.18,7.65,25,25,24,21,33,DC
FL WILDBERRY 18.7 OZ,BOXED CEREAL,568892249,8,3.64,3.01,14,2,3.104,13.5,7.77,19,32,20,21,22,DC
100% NATURAL GRAN 28,BOXED CEREAL,550531481,12,4.5,3.55,14,1,1.75,10.19,7.34,6,7,10,9,7,DC
KAS CIN HRVST 16.3,BOXED CEREAL,550528633,12,3.68,2.92,22,2,2,10.85,7.77,18,14,22,13,18,Assembly
GV RICE SQUARES 12OZ,BOXED CEREAL,556629971,5,2.38,1.81,10,1,2.63,11.13,7.763,7,4,5,8,9,DC
CINNAMON CHEX 19OZ,BOXED CEREAL,568306984,8,3.98,3.32,10,1,2.25,12.6,9.4,8,8,12,7,8,DC
GV CRNCHY NUGGETS 29,BOXED CEREAL,564690585,10,2.93,1.81,12,1,2.16,9.63,6.34,3,16,11,4,9,DC
CF FRUIT&NUT 13.5OZ,BOXED CEREAL,551354141,6,3.28,2.52,14,1,1.75,8.87,6.25,16,20,9,18,18,DC
RAISIN BRAN 25,BOXED CEREAL,550333666,12,3.12,2.5,20,2,2.09,12.125,7.688,17,12,10,17,24,DC
GV CORN FLAKES 24OZ,BOXED CEREAL,556967860,5,2.86,1.392,8,1,2.75,13.25,9.5,36,33,29,34,28,DC
SPK ORIGINAL 12OZ,BOXED CEREAL,9244122,14,2.88,2.53,18,2,2.53,11.75,7.77,31,34,24,17,22,DC
RAISIN BRAN 18.7 OZ,BOXED CEREAL,550528635,12,2.88,2.53,26,2,2,10.85,7.77,36,37,33,23,25,DC
KIND OAT AND HONEY11,BOXED CEREAL,551389623,6,4.53,2.95,10,1,2.25,10,6.75,7,7,10,9,6,Assembly
ALL BRAN ORIG 18.3OZ,BOXED CEREAL,556082059,6,3.68,3.2,11,1,1.875,10.75,7.5,9,4,5,6,4,DC
GV RSN BRN 24.8,BOXED CEREAL,557030764,5,3.21,2.408,8,1,2.66,11.34,7.78,12,18,9,11,10,DC
GV FROST SHRD WHT 24,BOXED CEREAL,556967861,5,2.93,1.718,10,1,2.625,11.125,7.625,17,5,11,10,10,DC
KAS H2H BLUEBRY 13.4,BOXED CEREAL,551379084,10,3.28,2.6,13,1,1.75,10.85,7.77,17,4,9,13,9,Assembly
BN CACAO CASHEW 11,BOXED CEREAL,562737747,5,3.78,2.95,10,1,2.5,9.5,6.5,8,7,6,7,10,Assembly
HBO ALM TWIN PK 46OZ,BOXED CEREAL,565717528,6,6.98,5.58,12,3,5,13.31,7.69,24,17,6,6,6,DC
KRAVE DBL CHOC 18.5,BOXED CEREAL,565546434,10,3.64,3.09,18,2,2.438,13.5,7.77,31,27,32,44,34,DC
FROSTD FLKES CH 24.7,BOXED CEREAL,565546435,12,3.64,3.05,21,3,3.104,13.5,7.77,70,57,36,45,41,DC
CHEX RICE 12OZ,BOXED CEREAL,552581070,10,3.18,2.78,20,2,2.5,11.85,7.65,10,10,16,4,14,DC
REESES PFF BAND 41OZ,BOXED CEREAL,567890502,4,7,5.96,9,1,2.5,12.55,18.8,8,6,3,8,7,DC
SPK FRUIT YOGRT 19.1,BOXED CEREAL,554750723,8,3.88,3.16,20,2,2.25,12.5,7.77,46,45,42,51,41,DC
GG CRNCHY PECAN 16OZ,BOXED CEREAL,565717536,10,3.28,2.41,14,1,1.88,10.75,6.41,9,13,9,7,13,DC
HBO HONEY ROAST 23OZ,BOXED CEREAL,565799753,10,3.98,3.23,18,2,2.41,13.31,7.69,42,62,67,60,57,DC
GV CRISP RICE 12OZ,BOXED CEREAL,556572863,5,1.56,1.18,9,1,2.625,11.687,7.625,5,9,9,8,10,DC
NV CRNBY ALMD PRO 11,BOXED CEREAL,556452168,4,3.77,3.15,8,1,2.75,9.5,6.5,10,11,9,11,6,DC
FRUITY CHR 19.6OZ,BOXED CEREAL,567890520,12,3.64,3.12,18,2,2.5,12.5,9.4,13,15,13,8,12,DC
GOLDEN GRAHAM 19.6OZ,BOXED CEREAL,567890519,8,3.64,2.98,20,2,2.25,12.55,9.4,7,22,11,14,13,DC
KASHI GOLEAN 13.1,BOXED CEREAL,550540136,10,3.28,2.6,12,1,2.21,10.25,6.437,8,9,11,8,10,DC
GV O'S ORIGINAL 21OZ,BOXED CEREAL,556967853,4,2.93,1.585,7,1,3,13.5,9.5,7,4,9,4,10,DC
BLUEBERRY CHEX 20OZ,BOXED CEREAL,568306985,8,3.98,3.32,10,1,2.25,12.6,9.4,1,7,4,12,4,Assembly
HONEYMAID SMORES 21,BOXED CEREAL,563424385,12,3.98,3.26,14,2,3,12.13,7.69,20,11,0,12,0,DC
GV SHRED WHEAT 16.4,BOXED CEREAL,556967854,6,2.01,1.492,12,1,2.187,11.125,7.625,13,5,14,7,5,DC
GV MAGIC TREAS 11.5,BOXED CEREAL,556786133,6,1.56,1.353,12,1,2.187,11.125,7.625,5,11,1,0,7,DC
CORN POPS 19.1OZ,BOXED CEREAL,565546423,12,3.64,3.01,14,2,3.104,13.5,7.77,54,41,32,23,41,DC
COCOA PUFF 20.9OZ,BOXED CEREAL,9296787,12,3.64,2.98,14,2,3.09,12.81,7.65,76,62,69,80,56,DC
FROOT LOOPS 12.2OZ,BOXED CEREAL,9297784,16,2.58,2.5,27,3,2.312,12.187,7.812,66,64,48,63,67,DC
FRNCH TST CRNCH 19OZ,BOXED CEREAL,566823240,7,3.64,3.32,8,1,2.64,12.8,7.65,32,21,22,23,22,DC
GV RAISN BRN EX 25.5,BOXED CEREAL,556967849,5,2.92,1.988,8,1,2.625,11.687,7.625,11,7,4,15,14,DC
SHRED WHEAT SPSZ16.4,BOXED CEREAL,566449632,6,2.88,2,12,1,2.41,10.75,7.5,12,15,4,11,5,DC
GG BAN NUT CRNC 15.5,BOXED CEREAL,565717535,10,3.28,2.42,14,1,2.156,9.625,6.344,24,23,14,25,18,DC
CINN TST CRNCH 12OZ,BOXED CEREAL,567890510,12,2.98,2.45,42,3,1.9,11.3,7.7,57,43,59,49,73,DC
CHEERIOS 120Z,BOXED CEREAL,552581066,14,2.98,2.6,16,2,2.65,11.8,7.65,33,32,41,46,39,DC
NV OAT N HNY PRTN 11,BOXED CEREAL,556452179,4,3.77,3.15,8,1,2.75,9.5,6.5,21,21,27,26,16,DC
RAISIN BRAN 23.5 OZ,BOXED CEREAL,550528638,16,3.64,2.98,20,2,2.25,11.75,7.77,36,61,43,55,47,DC
PEBBLES COCOA 15,BOXED CEREAL,9288871,12,3.12,2.47,20,2,2.094,12.125,7.688,52,42,53,55,43,DC
CHEX VANILLA 12.1OZ,BOXED CEREAL,566823230,6,3.18,2.78,12,1,1.85,11.25,7.65,5,13,6,8,6,DC
OREO O'S 19OZ,BOXED CEREAL,563424384,10,3.98,3.26,18,3,3.75,12.38,7.69,55,88,48,48,18,DC
KASHI GOLEAN 14OZ,BOXED CEREAL,550527763,12,3.28,2.6,14,1,1.84,10.25,6.438,21,31,11,11,10,Assembly
BASIC 4 16OZ,BOXED CEREAL,566823229,6,3.74,3.35,12,1,2,10.18,7.65,5,1,0,0,1,Assembly
CHEX CORN 12OZ,BOXED CEREAL,552581060,16,3.18,2.78,20,2,2.3,11.85,7.65,8,12,6,10,12,DC
NV OAT N DRK CHOC 11,BOXED CEREAL,556452177,4,3.77,3.15,8,1,2.75,9.5,6.5,12,19,11,18,12,DC
SPK RED BRY 16.9OZ,BOXED CEREAL,554750726,8,3.88,3.16,30,3,2.25,12.5,7.77,112,98,92,104,112,DC
NUTTER BUTTER 19OZ,BOXED CEREAL,565717511,12,3.98,3.26,14,2,3,12.13,7.69,32,43,18,18,7,DC
REESES PUFF 11.5OZ,BOXED CEREAL,567890517,12,2.98,2.45,14,1,1.9,11.25,7.7,24,21,20,26,24,DC
RAISN BRN CRNCH 18.2,BOXED CEREAL,550559895,12,2.58,2.53,20,2,2.313,10.75,7.5,30,24,24,17,29,DC
GV VANALM AWAKE 18.8,BOXED CEREAL,556629979,6,3.48,2.9283,9,1,2.31,12.16,7.78,14,14,12,15,15,DC
CAP CRUNCH BRY 18OZ,BOXED CEREAL,9203864,10,2.98,2.45,16,2,2.67,12.75,8.06,41,42,40,42,46,DC
SC VAN ALMOND GRNLA,BOXED CEREAL,557458041,4,3.47,2.3625,8,1,2.5,9.375,7,6,1,1,1,1,Assembly
COOKIE CRISP 19.8OZ,BOXED CEREAL,9206629,12,3.64,2.98,14,2,3.09,12.81,7.65,0,18,15,25,31,DC
GOLDEN OREO O'S,BOXED CEREAL,568301011,10,3.98,3.26,12,2,3.75,12.37,7.69,26,25,46,12,14,DC
SPK PROTN PLUS 19OZ,BOXED CEREAL,554750729,8,3.88,3.16,10,1,2.25,12.5,7.77,15,19,13,16,8,DC
CAP CRUNCH REG 28OZ,BOXED CEREAL,551042611,8,3.98,3.27,14,2,9.75,13.5,3,106,64,81,40,54,DC
FROOT LOOP CUP 1.5OZ,BOXED CEREAL,552069741,12,1,0.77,20,1,4.06,3.305,4.06,44,36,35,50,44,DC
COCOA PUFF SCOOPS,BOXED CEREAL,563408546,7,3.64,3.26,16,2,2.64,12.81,7.65,6,4,5,1,0,Assembly
LUCKY CHRM CHOC 21.2,BOXED CEREAL,566823241,8,3.64,3.32,14,2,3.09,12.81,7.65,36,27,22,34,22,DC
CHIPS AHOY 19OZ,BOXED CEREAL,565717529,10,3.98,3.26,18,3,3.75,12.38,7.69,83,80,40,41,20,DC
SC PB CHOC GRANOLA,BOXED CEREAL,557458040,4,3.47,2.3625,8,1,2.5,9.375,7,2,2,2,1,2,Assembly
RAISIN NUT BRAN 17.1,BOXED CEREAL,9200741,12,3.64,3.35,14,1,2,10.18,7.65,6,11,11,11,13,DC
CRACKLIN OAT BRAN 17,BOXED CEREAL,9230149,10,3.68,3.2,13,1,2.125,9.875,6.406,4,5,11,8,7,DC
CHEERIO MULTIGN 18OZ,BOXED CEREAL,552581075,8,3.64,3.12,16,2,2.75,12.85,9.5,36,34,44,36,33,DC
APPLE JACK 12.2OZ,BOXED CEREAL,9297720,16,2.58,2.5,18,2,2.313,12.188,7.813,58,45,46,50,60,DC
FROSTD FLAKES TWN 48,BOXED CEREAL,565546419,6,7,5.67,7,1,3.187,13.5,15.54,48,37,40,27,45,DC
SPK RASP ALMN 18.5OZ,BOXED CEREAL,567084839,6,3.88,3.16,11,1,2,11.75,7.77,19,10,13,8,16,DC
GRAPE NUTS 29,BOXED CEREAL,551953507,10,3.98,2.65,12,1,2.156,9.625,6.344,3,0,7,4,1,DC
ANGEL KRUNCH OMEGA 3,BOXED CEREAL,568423472,8,2,1.48,0,0,6.42,9.65,1.81,0,0,0,0,0,Assembly
OAT CRISP ALMD 17OZ,BOXED CEREAL,566823228,6,3.74,3.35,12,1,2,10.18,7.65,5,8,4,6,11,DC
HBO HR TWN PK 46OZ,BOXED CEREAL,565717531,6,6.98,5.58,12,3,5,13.31,7.69,20,20,11,10,14,DC
CAP CRUNCH BRY 26OZ,BOXED CEREAL,551042612,8,3.98,3.27,14,2,9.75,13.5,3,110,69,106,55,49,DC
FROOT LOOPMARSH 18.7,BOXED CEREAL,555507134,12,3.64,3.06,14,2,3.177,13.5,7.77,47,52,60,37,62,DC
PEBBLES COCOA 23OZ,BOXED CEREAL,555517893,12,3.98,3.25,18,2,2.5,13.25,9,54,39,39,62,80,DC
GM FS HONEY KIX 18OZ,BOXED CEREAL,569728848,5,3.98,3.32,7,1,2.92,12.8,9.5,1,5,4,2,5,DC
GG DATE & RAISN 16,BOXED CEREAL,550335946,12,3.28,2.41,14,1,1.875,10.813,6.406,14,16,9,10,18,DC
FMW VAN LTE 20.4 OZ,BOXED CEREAL,567900025,6,3.64,2.98,11,1,2.25,11.75,7.77,10,3,4,5,7,DC
KAS GL BERRY 14,BOXED CEREAL,550527765,12,3.28,2.6,14,1,1.84,10.25,6.438,16,13,19,13,7,Assembly
FROSTED FLAKES 15 OZ,BOXED CEREAL,550528628,16,2.58,2.48,27,3,2.25,11.75,7.77,83,51,64,80,63,DC
APL JCKS BAG 32.1OZ,BOXED CEREAL,567900028,6,5.98,4.06,12,6,9.5,3.5,23.5,19,10,7,8,6,DC
GV FRT&YOG AWAKE19.1,BOXED CEREAL,556629976,6,3.48,2.4,9,1,2.31,12.16,7.78,17,12,9,8,10,DC
HN MED CRN 20.9OZ,BOXED CEREAL,567890523,10,3.64,3.12,20,2,2.25,12.55,9.4,13,25,19,19,22,DC
KAS GL CRUNCH 13.8,BOXED CEREAL,550540074,12,3.28,2.6,14,1,1.84,10.25,6.438,6,11,5,6,15,Assembly
GV STRAW AWAKE 16.9,BOXED CEREAL,556629977,6,3.48,2.8367,9,1,2.31,12.16,7.78,11,12,9,9,19,DC
FUN PACK 8CT,BOXED CEREAL,9279151,12,2.98,2.38,16,1,3.43,4.69,11.37,36,28,27,26,34,DC
FRST CHEERIO 19.5OZ,BOXED CEREAL,567890509,12,3.64,3.12,18,2,2.5,12.5,9.4,24,19,25,10,12,DC
GV FRSTD FLAKE 15,BOXED CEREAL,550939797,5,1.56,1.276,9,1,2.625,11.687,7.625,28,15,13,21,18,DC
CORN FLAKES 24OZ,BOXED CEREAL,9244697,14,3.64,2.98,21,3,9.562,13.5,3.31,22,23,29,28,27,DC
SPK VANILLA ALM 18.8,BOXED CEREAL,554750727,8,3.88,3.16,20,2,2.25,12.5,7.77,56,53,43,73,57,DC
GM FS BRY BRY KIX 18,BOXED CEREAL,569728847,5,3.98,3.32,7,1,2.92,12.8,9.5,15,17,12,10,7,DC
CHOC CHR 20.3 OZ,BOXED CEREAL,567890513,12,3.64,3.12,18,2,2.5,12.5,9.4,26,25,23,19,29,DC
DIPN DT BAN SPLIT 18,BOXED CEREAL,568378230,12,3.64,3.32,18,2,2.5,12.55,9.4,29,30,35,33,29,DC
PEBBLES FRUITY 15,BOXED CEREAL,9288843,12,3.12,2.47,22,2,2.094,12.125,7.688,72,53,66,71,48,DC
GV HNY CRNCH AMD 28,BOXED CEREAL,550520661,5,2.2,2.51,8,1,2.625,12.75,9.5,31,25,23,24,22,DC
CRISPIX 18OZ,BOXED CEREAL,568050122,12,3.64,3.22,14,2,3.177,13.5,7.77,27,23,9,25,11,DC
SPK CINN PECAN 18.4,BOXED CEREAL,554750725,8,3.88,3.16,10,1,2.25,12.5,7.77,11,17,17,17,18,DC
HBO HONEY ROAST 18,BOXED CEREAL,550335943,12,3.28,2.65,22,2,2.094,12.125,7.688,46,34,28,48,40,DC
ANNIE COCOA BUNNY 10,BOXED CEREAL,555500555,10,3.28,2.57,11,1,1.84,10.2,7.65,11,11,9,3,10,Assembly
QKR RAISIN GRAN 28,BOXED CEREAL,9208953,12,4.5,3.55,14,1,1.75,10.19,7.34,2,14,7,9,5,DC
LUCKY CHARM FF 20.6,BOXED CEREAL,565694131,7,3.64,3.32,16,2,2.64,12.81,7.66,25,23,30,28,26,DC
GG CRAN ALMD 14OZ,BOXED CEREAL,565717537,10,3.28,2.42,14,1,1.88,10.81,6.41,12,11,15,15,12,DC
COCOA PUFF 11.8OZ,BOXED CEREAL,9297601,12,2.98,2.45,24,2,2,11.25,7.65,38,32,25,26,34,DC
COCOA KRS BAG 40.6OZ,BOXED CEREAL,567900038,6,5.98,4.06,12,6,9.5,3.5,20,15,9,17,8,6,DC